attributes,Id,Name
"OrderedDict({'type': 'Account', 'url': '/services/data/v59.0/sobjects/Account/001dM00000FaTAwQAN'})",001dM00000FaTAwQAN,Edge Communications
"OrderedDict({'type': 'Account', 'url': '/services/data/v59.0/sobjects/Account/001dM00000FaTAxQAN'})",001dM00000FaTAxQAN,Burlington Textiles Corp of America
"OrderedDict({'type': 'Account', 'url': '/services/data/v59.0/sobjects/Account/001dM00000FaTAyQAN'})",001dM00000FaTAyQAN,Pyramid Construction Inc.
"OrderedDict({'type': 'Account', 'url': '/services/data/v59.0/sobjects/Account/001dM00000FaTAzQAN'})",001dM00000FaTAzQAN,Dickenson plc
"OrderedDict({'type': 'Account', 'url': '/services/data/v59.0/sobjects/Account/001dM00000FaTB0QAN'})",001dM00000FaTB0QAN,Grand Hotels & Resorts Ltd
"OrderedDict({'type': 'Account', 'url': '/services/data/v59.0/sobjects/Account/001dM00000FaTB1QAN'})",001dM00000FaTB1QAN,United Oil & Gas Corp.
"OrderedDict({'type': 'Account', 'url': '/services/data/v59.0/sobjects/Account/001dM00000FaTB2QAN'})",001dM00000FaTB2QAN,Express Logistics and Transport
"OrderedDict({'type': 'Account', 'url': '/services/data/v59.0/sobjects/Account/001dM00000FaTB3QAN'})",001dM00000FaTB3QAN,University of Arizona
"OrderedDict({'type': 'Account', 'url': '/services/data/v59.0/sobjects/Account/001dM00000FaTB4QAN'})",001dM00000FaTB4QAN,"United Oil & Gas, UK"
"OrderedDict({'type': 'Account', 'url': '/services/data/v59.0/sobjects/Account/001dM00000FaTB5QAN'})",001dM00000FaTB5QAN,"United Oil & Gas, Singapore"
"OrderedDict({'type': 'Account', 'url': '/services/data/v59.0/sobjects/Account/001dM00000FaTB6QAN'})",001dM00000FaTB6QAN,GenePoint
"OrderedDict({'type': 'Account', 'url': '/services/data/v59.0/sobjects/Account/001dM00000FaTB7QAN'})",001dM00000FaTB7QAN,sForce
"OrderedDict({'type': 'Account', 'url': '/services/data/v59.0/sobjects/Account/001dM00000Fd4MVQAZ'})",001dM00000Fd4MVQAZ,Sample Account for Entitlemnets New Version
"OrderedDict({'type': 'Account', 'url': '/services/data/v59.0/sobjects/Account/001dM00000KPSnDQAX'})",001dM00000KPSnDQAX,Sample Test Account
"OrderedDict({'type': 'Account', 'url': '/services/data/v59.0/sobjects/Account/001dM00000LBcfNQAT'})",001dM00000LBcfNQAT,Oam Shah New Account
"OrderedDict({'type': 'Account', 'url': '/services/data/v59.0/sobjects/Account/001dM00000LDmFdQAL'})",001dM00000LDmFdQAL,New Account test
"OrderedDict({'type': 'Account', 'url': '/services/data/v59.0/sobjects/Account/001dM00000PfK4RQAV'})",001dM00000PfK4RQAV,New Test Account Public
"OrderedDict({'type': 'Account', 'url': '/services/data/v59.0/sobjects/Account/001dM00000PfXfxQAF'})",001dM00000PfXfxQAF,New Test Account Private
"OrderedDict({'type': 'Account', 'url': '/services/data/v59.0/sobjects/Account/001dM00000PrvwIQAR'})",001dM00000PrvwIQAR,Google Deep Mind
"OrderedDict({'type': 'Account', 'url': '/services/data/v59.0/sobjects/Account/001dM000025H5QnQAK'})",001dM000025H5QnQAK,New Tech Company California
"OrderedDict({'type': 'Account', 'url': '/services/data/v59.0/sobjects/Account/001dM000025IV6IQAW'})",001dM000025IV6IQAW,New Accghjhount
"OrderedDict({'type': 'Account', 'url': '/services/data/v59.0/sobjects/Account/001dM000025IXpyQAG'})",001dM000025IXpyQAG,Pyrahhhmid Construction Inc.
"OrderedDict({'type': 'Account', 'url': '/services/data/v59.0/sobjects/Account/001dM000025IZQ1QAO'})",001dM000025IZQ1QAO,{'Name':'Make a new'}
"OrderedDict({'type': 'Account', 'url': '/services/data/v59.0/sobjects/Account/001dM000025IbyCQAS'})",001dM000025IbyCQAS,Univerjjjsity of Arizona
"OrderedDict({'type': 'Account', 'url': '/services/data/v59.0/sobjects/Account/001dM000025IfLrQAK'})",001dM000025IfLrQAK,Dickhhhenson plc
"OrderedDict({'type': 'Account', 'url': '/services/data/v59.0/sobjects/Account/001dM000025IfQfQAK'})",001dM000025IfQfQAK,Expresbgbs Logistics and Transport
"OrderedDict({'type': 'Account', 'url': '/services/data/v59.0/sobjects/Account/001dM000025IiGQQA0'})",001dM000025IiGQQA0,Unitedmmmm Oil & Gas Corp.
"OrderedDict({'type': 'Account', 'url': '/services/data/v59.0/sobjects/Account/001dM000025IiJeQAK'})",001dM000025IiJeQAK,Edhshge Communications
"OrderedDict({'type': 'Account', 'url': '/services/data/v59.0/sobjects/Account/001dM000025IiJfQAK'})",001dM000025IiJfQAK,Buhhrlington Textiles Corp of America
"OrderedDict({'type': 'Account', 'url': '/services/data/v59.0/sobjects/Account/001dM000025IimfQAC'})",001dM000025IimfQAC,Grandhkkn Hotels & Resorts Ltd
